{
  "images" : [
    {
      "idiom" : "universal",
      "filename" : "5d09638e13752c04336a2214a6bfe265-growing-line-graph-chart-by-vexels.png",
      "scale" : "1x"
    },
    {
      "idiom" : "universal",
      "filename" : "5d09638e13752c04336a2214a6bfe265-growing-line-graph-chart-by-vexels@2x.png",
      "scale" : "2x"
    },
    {
      "idiom" : "universal",
      "filename" : "5d09638e13752c04336a2214a6bfe265-growing-line-graph-chart-by-vexels@3x.png",
      "scale" : "3x"
    }
  ],
  "info" : {
    "version" : 1,
    "author" : "xcode"
  }
}